{
  "total_games": 1000,
  "wins": 994,
  "losses": 0,
  "draws": 6,
  "win_rate_pct": 99.4,
  "loss_rate_pct": 0.0,
  "draw_rate_pct": 0.6,
  "avg_nodes_per_move_mean": 594.2136616313022,
  "avg_nodes_per_move_std": 135.4856804753619,
  "total_nodes_mean": 14694.133,
  "total_nodes_std": 5821.331446079677,
  "avg_time_per_move_ms_mean": 67.93490396747934,
  "avg_time_per_move_ms_std": 15.458093290459889,
  "total_time_s_mean": 1.6691835225000178,
  "total_time_s_std": 0.6112068620604995,
  "game_length_mean": 48.525,
  "game_length_std": 11.796717235635409,
  "baseline_pieces_final_mean": 6.515,
  "baseline_pieces_final_std": 1.4703526573366463,
  "opponent_pieces_final_mean": 0.186,
  "opponent_pieces_final_std": 0.437716341476527,
  "baseline_depth": 4,
  "num_games": 1000,
  "timestamp": "2026-04-22T13:52:39"
}